id,auctionOrderId,lotName,urlPath,categoryId,categoryName,lotDataHighlight,roundNumber,startAt,validUntil,initialPrice,lastBidPrice,attendantsCount,isFavorite,status,attendanceStatus,lotData.Mərtəbəsi,lotData.Sahəsi(m2),lotData.Otaq sayı,lotImageUrls,lotData.Torpaq sahəsinin ölçüsü (hektarla),lotData.Buraxılış ili,lotData.Mühərrik,lotData.Yürüş(km)
214382527203602433,213583336269246464,"Mənzil - Bakı şəhəri, Xətai rayonu, Cavanşir küçəsi, ev 25, mənzil 77, Yeni qaydalarla: AZ 1027, Bakı şəhəri, Xətai rayonu, Cavanşir küçəsi, giriş 343, M7, m2",menzil-baki-sheheri-xetai-rayonu-cavanshir-kuchesi-ev-25-menzil-77-yeni-qaydalarla-az-1027-baki-sheheri-xetai-rayonu-cavanshir-kuchesi-girish-343-m7-m2,16057480568139276,Mənzil,"7 mərtəbə, 51.53 m2, 2 otaq",1,2026-02-23T12:16:17.623734,2026-03-15T12:16:17.623734,93500.0,93500.0,0,False,NOT_STARTED,NOT_ATTENDING,7,51.53,2,/v1/files/stream/213583390426030080|/v1/files/stream/213583390275035136|/v1/files/stream/213583390413447168|/v1/files/stream/213583390442807296|/v1/files/stream/213583390375698432|/v1/files/stream/213583390975483904|/v1/files/stream/213583390572830720|/v1/files/stream/213583390673494016|/v1/files/stream/213583390841266176,,,,
214367452786946048,213577399131271168,"Mənzil - Bakı Şəhəri, Binəqədi Rayonu, 8-ci Mikrorayon, Şövkət Məmmədova Küçəsi, Ev 3, Mənzil 117 Yeni qaydalarla: AZ 1124, Bakı Şəhəri, Binəqədi Rayonu, Şövkət Məmmədova Küçəsi 37, M9, m2",menzil-baki-eheri-bineqedi-rayonu-8-ci-mikrorayon-ovket-memmedova-kuchesi-ev-3-menzil-117-yeni-qaydalarla-az-1124-baki-eheri-bineqedi-rayonu-ovket-memmedova-kuchesi-37-m9-m2,16057480568139276,Mənzil,"4 otaq, 9 mərtəbə, 87.02 m2",1,2026-02-20T11:54:33.579775,2026-03-12T11:54:33.579775,168300.0,168300.0,0,False,NOT_STARTED,NOT_ATTENDING,9,87.02,4,/v1/files/stream/213577562260267008|/v1/files/stream/213577561601761280|/v1/files/stream/213577561413017600|/v1/files/stream/213577562247684096|/v1/files/stream/213577562935549952|/v1/files/stream/213577562243489792|/v1/files/stream/213577561589178368|/v1/files/stream/213577562180575232|/v1/files/stream/213577562197352448|/v1/files/stream/213577563237539840|/v1/files/stream/213577562839080960|/v1/files/stream/213577562927161344|/v1/files/stream/213577563296260096|/v1/files/stream/213577563388534784|/v1/files/stream/213577562931355648|/v1/files/stream/213577563359174656|/v1/files/stream/213577563384340480|/v1/files/stream/213577563380146176|/v1/files/stream/213577561593372672,,,,
214357401787527168,213570282966052864,"Fərdi yaşayış evi - Zərdab şəhəri H.Əliyev prospekti 9, döngə 1 ünvanda yerləşən 0.05 ha torpaq sahəsində olan fərdi yaşayış evi.",ferdi-yashayish-evi-zerdab-sheheri-h-liyev-prospekti-9-donge-1-unvanda-yerleshen-0-05-ha-torpaq-sahesinde-olan-ferdi-yashayish-evi,16057480568289306,Fərdi yaşayış evi,"2 otaq, 112.7 m2, 1 mərtəbə",1,2026-02-20T11:54:30.154855,2026-03-12T11:54:30.154855,20400.0,20400.0,0,False,NOT_STARTED,NOT_ATTENDING,1,112.7,2,/v1/files/stream/213570331536023552|/v1/files/stream/213570325978570752|/v1/files/stream/213570325911461888|/v1/files/stream/213570326498664448|/v1/files/stream/213570325487837184|/v1/files/stream/213570331133370368|/v1/files/stream/213570325508808704|/v1/files/stream/213570326293143552|/v1/files/stream/213570326305726464|/v1/files/stream/213570331397611520|/v1/files/stream/213570325936627712,,,,
214368084268773377,213580496402477056,"Mənzil - Bakı şəhəri, Nəsimi rayonu Ənvər Hüseynov küçəsi,ev 5/7,mənzil 601 Yeni qaydalarla: AZ 1078 Bakı şəhəri, Nəsimi rayonu, Əbdülvahab Salamzadə küçəsi, 202, M3, m1",menzil-baki-sheheri-nesimi-rayonu-nver-huseynov-kuchesi-ev-57-menzil-601-yeni-qaydalarla-az-1078-baki-sheheri-nesimi-rayonu-bdulvahab-salamzade-kuchesi-202-m3-m1,16057480568139276,Mənzil,"3 mərtəbə, 3 otaq, 109.8 m2",1,2026-02-20T11:54:27.91399,2026-03-12T11:54:27.91399,233325.0,233325.0,0,False,NOT_STARTED,NOT_ATTENDING,3,109.8,3,/v1/files/stream/213580572310921216|/v1/files/stream/213580572050874368|/v1/files/stream/213580572331892736|/v1/files/stream/213580572130566144|/v1/files/stream/213580572206063616|/v1/files/stream/213580572537413633|/v1/files/stream/213580572222840832|/v1/files/stream/213580572294144000|/v1/files/stream/213580572537413632|/v1/files/stream/213580572617105408|/v1/files/stream/213580572646465536|/v1/files/stream/213580572797460480|/v1/files/stream/213580572877152256|/v1/files/stream/213580572889735168|/v1/files/stream/213580572923289600|/v1/files/stream/213580572881346560|/v1/files/stream/213580572919095296,,,,
214358948428738561,213571571762425856,Fərdi yaşayış evi - Zərdab rayonu Böyük Dəkkə kəndi 0.15 ha torpaq sahəsində yerləşən fərdi yaşayış evi.,ferdi-yashayish-evi-zerdab-rayonu-boyuk-dekke-kendi-0-15-ha-torpaq-sahesinde-yerleshen-ferdi-yashayish-evi,16057480568289306,Fərdi yaşayış evi,"2 mərtəbə, 265.7 m2, 4 otaq",1,2026-02-20T11:54:25.044172,2026-03-12T11:54:25.044172,42500.0,42500.0,0,False,NOT_STARTED,NOT_ATTENDING,2,265.7,4,/v1/files/stream/213571685616738304|/v1/files/stream/213571685486714880|/v1/files/stream/213571684656242688|/v1/files/stream/213571685004369921|/v1/files/stream/213571684656242689|/v1/files/stream/213571684668825600|/v1/files/stream/213571685151170560|/v1/files/stream/213571685004369920|/v1/files/stream/213571685214085120|/v1/files/stream/213571685394440193|/v1/files/stream/213571685235056640|/v1/files/stream/213571685742567424|/v1/files/stream/213571686128443392|/v1/files/stream/213571685415411712|/v1/files/stream/213571685998419968,,,,
214357150653575168,213568733669847040,"Torpaq sahəsi - Abşeron rayonu, Masazır kəndi (0.035 ha hissəsi)",torpaq-sahesi-absheron-rayonu-masazir-kendi-0-035-ha-hissesi,16057480568289305,Qeyri-yaşayış sahəsi,0.035 ha,1,2026-02-20T11:54:22.704976,2026-03-12T11:54:22.704976,10710.0,10710.0,0,False,NOT_STARTED,NOT_ATTENDING,,,,/v1/files/stream/213568773037514752|/v1/files/stream/213568772664221696|/v1/files/stream/213568772949434368|/v1/files/stream/213568773096235008|/v1/files/stream/213568772894908416|/v1/files/stream/213568773083652096,0.035,,,
214365003439239169,213575066011922432,"Fərdi yaşayış evi - Qazax rayonu, Çaylı kəndi",ferdi-yashayish-evi-qazax-rayonu-ayli-kendi,16057480568289306,Fərdi yaşayış evi,"2 mərtəbə, 2 otaq, 221.5 m2",1,2026-02-20T11:54:19.181934,2026-03-12T11:54:19.181934,32300.0,32300.0,0,False,NOT_STARTED,NOT_ATTENDING,2,221.5,2,/v1/files/stream/213575163034492928|/v1/files/stream/213575163214848000|/v1/files/stream/213575163231625216|/v1/files/stream/213575162740891648|/v1/files/stream/213575163311316992|/v1/files/stream/213575163441340416|/v1/files/stream/213575163596529664|/v1/files/stream/213575163365842944|/v1/files/stream/213575162703142912|/v1/files/stream/213575163235819520|/v1/files/stream/213575162938023936,,,,
214369304832208896,213581901376876544,"Torpaq sahəsi - Beyləqan rayonu, Aşağı Çəmənli kəndi",torpaq-sahesi-beyleqan-rayonu-ashaghi-emenli-kendi,16057480568289305,Qeyri-yaşayış sahəsi,0.012 ha,1,2026-02-20T11:54:15.630547,2026-03-12T11:54:15.630547,8160.0,8160.0,0,False,NOT_STARTED,NOT_ATTENDING,,,,/v1/files/stream/213582248614846464|/v1/files/stream/213582248711315456,0.012,,,
214367749236158464,213579050604916736,"Avtomobil - ""MercedesBenzG55"" minik markalı 90-LD-430 dövlət qeydiyyat nişanlı nəqliyyat vasitəsi.",avtomobil-mercedesbenzg55-minik-markali-90-ld-430-dovlet-qeydiyyat-nishanli-neqliyyat-vasitesi,15707206488020125,Avtomobillər,"2008 , 5500.0 ",1,2026-02-19T10:42:09.872393,2026-03-11T10:42:09.872393,51000.0,51000.0,0,False,NOT_STARTED,NOT_ATTENDING,,,,/v1/files/stream/213579093252530176|/v1/files/stream/213579093034426368|/v1/files/stream/213579093059592192|/v1/files/stream/213579092719853568|/v1/files/stream/213579092900208640|/v1/files/stream/213579092963123200|/v1/files/stream/213579093021843456|/v1/files/stream/213579093172838400,,2008,5500.0,
214312416983740416,213562298160476160,"Avtomobil-""VAZ 21723"" markalı (Lada priora markalı), 90-FG-154 dövlət qeydiyyat nişanlı",avtomobil-vaz-21723-markali-lada-priora-markali-90-fg-154-dovlet-qeydiyyat-nishanli,15707206488020125,Avtomobillər,"1600.0 , 2009 , 315000 km",1,2026-02-18T12:20:53.546933,2026-03-10T12:20:53.546933,6800.0,6800.0,0,False,NOT_STARTED,NOT_ATTENDING,,,,/v1/files/stream/213562340048920576|/v1/files/stream/213562340111835136|/v1/files/stream/213562340048920577|/v1/files/stream/213562340137000960|/v1/files/stream/213562340124418048,,2009,1600.0,315000
214312764251140097,213564164944523264,"Avtomobil - ""Porsche Cayenne"" minik markalı "" 90-SG-255"" dövlət qeydiyyat nişanlı nəqliyyat vasitəsi.",avtomobil-porsche-cayenne-minik-markali-90-sg-255-dovlet-qeydiyyat-nishanli-neqliyyat-vasitesi,15707206488020125,Avtomobillər,"2013 , 3600.0 ",1,2026-02-18T12:20:49.667232,2026-03-10T12:20:49.667232,25500.0,25500.0,0,False,NOT_STARTED,NOT_ATTENDING,,,,/v1/files/stream/213564197827796992|/v1/files/stream/213564197924265984|/v1/files/stream/213564197970403328|/v1/files/stream/213564197894905856|/v1/files/stream/213564198054289408|/v1/files/stream/213564197483864064|/v1/files/stream/213564197597110272|/v1/files/stream/213564197697773568,,2013,3600.0,
214314671644438529,213567503539204096,Avtomobil - Geely MK minik markalı 90-SG-431 dövlət qeydiyyat nişanlı nəqliyyat vasitəsi.,avtomobil-geely-mk-minik-markali-90-sg-431-dovlet-qeydiyyat-nishanli-neqliyyat-vasitesi,15707206488020125,Avtomobillər,"2013 , 1500.0 ",1,2026-02-18T12:20:43.034547,2026-03-10T12:20:43.034547,2550.0,2550.0,0,False,NOT_STARTED,NOT_ATTENDING,,,,/v1/files/stream/213567560137072640|/v1/files/stream/213567560225153024|/v1/files/stream/213567560007049216|/v1/files/stream/213567560422285312|/v1/files/stream/213567560082546688|/v1/files/stream/213567560430673920|/v1/files/stream/213567560002854912,,2013,1500.0,
212231552510554112,211829242575810560,"Fərdi yaşayış evi - Ağstafa rayonu, Qırlı kəndi ünvanı 0.25 ha torpaq sahəsində yerləşən fərdi yaşayış evi",ferdi-yashayish-evi-aghstafa-rayonu-qirli-kendi-unvani-0-25-ha-torpaq-sahesinde-yerleshen-ferdi-yashayish-evi,16057480568289306,Fərdi yaşayış evi,"269.4 m2, 5 otaq, 2 mərtəbə",1,2026-02-13T11:13:11.040199,2026-03-05T11:13:11.040199,48943.0,48943.0,0,False,NOT_STARTED,NOT_ATTENDING,2,269.4,5,/v1/files/stream/211829281666654208|/v1/files/stream/211829281654071296|/v1/files/stream/211829281524047873|/v1/files/stream/211829281578573824|/v1/files/stream/211829281524047872|/v1/files/stream/211829281524047874|/v1/files/stream/211829281922506752,,,,
212235293171216385,211839415390400512,"Fərdi yaşayış evi - Abşeron rayonu, Masazır kəndi, Hüseyn Dəmirli küçəsi ünvanında olan 0.0094 ha torpaq sahəsi və həmin torpaq sahəsi üzərində yerləşən 94 saylı fərdi yaşayış evi",ferdi-yashayish-evi-absheron-rayonu-masazir-kendi-huseyn-demirli-kuchesi-unvaninda-olan-0-0094-ha-torpaq-sahesi-ve-hemin-torpaq-sahesi-uzerinde-yerleshen-94-sayli-ferdi-yashayish-evi,16057480568289306,Fərdi yaşayış evi,"2 mərtəbə, 96.7 m2, 4 otaq",1,2026-02-13T11:13:08.570142,2026-03-05T11:13:08.570142,87550.0,87550.0,0,False,NOT_STARTED,NOT_ATTENDING,2,96.7,4,/v1/files/stream/211839537117421568|/v1/files/stream/211839536567967745|/v1/files/stream/211839536911900672|/v1/files/stream/211839536567967744|/v1/files/stream/211839536903512064|/v1/files/stream/211839536718962688|/v1/files/stream/211839537008369664|/v1/files/stream/211839536639270912|/v1/files/stream/211839538409267200|/v1/files/stream/211839537025146880|/v1/files/stream/211839536777682944|/v1/files/stream/211839537159364608|/v1/files/stream/211839537364885504|/v1/files/stream/211839537155170304|/v1/files/stream/211839537327136768,,,,
210818882641162240,209329514327928832,"Mənzil- Bakı şəhəri, Nəsimi rayonu, Imran Qasımov küçəsi,ev 16,mənzil 35",menzil-baki-sheheri-nesimi-rayonu-imran-qasimov-kuchesi-ev-16-menzil-35,16057480568139276,Mənzil,"175.7 m2, 10 mərtəbə, 4 otaq",1,2026-02-12T14:34:00.951031,2026-03-04T14:34:00.951031,408000.0,408000.0,0,False,NOT_STARTED,NOT_ATTENDING,10,175.7,4,/v1/files/stream/209329622545096704|/v1/files/stream/209329622159220736|/v1/files/stream/209329622150832128|/v1/files/stream/209329622159220737|/v1/files/stream/209329622167609344|/v1/files/stream/209329622532513792|/v1/files/stream/209329622528319488|/v1/files/stream/209329621848842240|/v1/files/stream/209329622163415040|/v1/files/stream/209329622171803648|/v1/files/stream/209329622524125184,,,,
210842626998759424,204892421711294464,"Mənzil – Xaçmaz şəhəri, Aydın Məmmədov küçəsi, ev 45, mənzil 22 (Yeni qaydalarla: Xaçmaz şəhəri, Səid Qurbanov küçəsi, ev 45, mənzil 22)",menzil-xachmaz-sheheri-aydin-memmedov-kuchesi-ev-45-menzil-22-yeni-qaydalarla-xachmaz-sheheri-seid-qurbanov-kuchesi-ev-45-menzil-22,16057480568139276,Mənzil,"42.8 m2, 4 mərtəbə, 2 otaq",1,2026-02-12T14:33:56.374412,2026-03-04T14:33:56.374412,47600.0,47600.0,0,False,NOT_STARTED,NOT_ATTENDING,4,42.8,2,/v1/files/stream/204892458239418368|/v1/files/stream/204892458231029760|/v1/files/stream/204892457903874048|/v1/files/stream/204892457882902528|/v1/files/stream/204892457908068352|/v1/files/stream/204892457866125312|/v1/files/stream/204892457903874049|/v1/files/stream/204892457924845568|/v1/files/stream/204892458084229120,,,,
213235152758075394,202446558955139072,"Dəmir borulardan inşa edilmiş talvar - Kürdəmir rayonu, Atakişili kəndi",demir-borulardan-insha-edilmish-talvar-kurdemir-rayonu-atakishili-kendi,16057480568289307,Digər,,2,2026-02-25T12:00:21.18089,2026-03-04T12:00:21.18089,6942.0,6942.0,0,False,ONGOING,NOT_ATTENDING,,,,/v1/files/stream/202446625397039104|/v1/files/stream/202446625405427712,,,,
211756802889838593,201628704970207232,Fərdi yaşayış evi – Ağdam rayonu Əfətli kəndində yerləşən fərdi yaşayış evi və 0.22 ha torpaq sahəsi.,ferdi-yashayish-evi-aghdam-rayonu-fetli-kendinde-yerleshen-ferdi-yashayish-evi-ve-0-22-ha-torpaq-sahesi,16057480568289306,Fərdi yaşayış evi,"239 m2, 2 mərtəbə, 4 otaq",2,2026-02-21T10:05:55.579586,2026-02-28T10:05:55.579586,55250.0,55250.0,0,False,ONGOING,NOT_ATTENDING,2,239,4,/v1/files/stream/201628749870161920|/v1/files/stream/201628749907910656|/v1/files/stream/201628750247649280|/v1/files/stream/201628750251843584|/v1/files/stream/201628749731749888|/v1/files/stream/201628750239260672|/v1/files/stream/201628750482530304|/v1/files/stream/201628750558027776|/v1/files/stream/201628750528667648|/v1/files/stream/201628749559783424|/v1/files/stream/201628750339923968|/v1/files/stream/201628750226677760|/v1/files/stream/201628750134403072|/v1/files/stream/201628749912104960|/v1/files/stream/201628749949853696|/v1/files/stream/201628749714972672|/v1/files/stream/201628749962436608|/v1/files/stream/201628749954048000,,,,
211756784611061760,201631029969383424,"Fərdi yaşayış evi - Salyan şəhəri, T.Xəlilbəyli küçəsi, ev 9 ünvanı 0.05855 ha torpaq sahəsi və üzərində yerləşən fərdi yaşayış evi.",ferdi-yashayish-evi-salyan-sheheri-t-xelilbeyli-kuchesi-ev-9-unvani-0-05855-ha-torpaq-sahesi-ve-uzerinde-yerleshen-ferdi-yashayish-evi,16057480568289306,Fərdi yaşayış evi,"1 mərtəbə, 3 otaq, 162.3 m2",2,2026-02-21T10:05:51.475725,2026-02-28T10:05:51.475725,26000.0,26000.0,0,False,ONGOING,NOT_ATTENDING,1,162.3,3,/v1/files/stream/201631063540523008|/v1/files/stream/201631063079149568|/v1/files/stream/201631063175618560|/v1/files/stream/201631063397916672|/v1/files/stream/201631062982680576|/v1/files/stream/201631062949126144|/v1/files/stream/201631063209172992|/v1/files/stream/201631063255310336|/v1/files/stream/201631063477608448|/v1/files/stream/201631063179812864,,,,
211756750414901248,201634065936642048,"Nəqliyyat vasitəsi -ZİL-133QYA ş-də KS 3575 xüsusi markalı, 90 JB 605 dövlət qeydiyyat nişanlı avtokran",neqliyyat-vasitesi-zil-133qya-sh-de-ks-3575-xususi-markali-90-jb-605-dovlet-qeydiyyat-nishanli-avtokran,15707206488020125,Avtomobillər,"10850.0 , 561842 km, 1987 ",2,2026-02-21T10:05:43.130305,2026-02-28T10:05:43.130305,12675.0,12675.0,0,False,ONGOING,NOT_ATTENDING,,,,/v1/files/stream/201634099310649344|/v1/files/stream/201634099033825280|/v1/files/stream/201634099264512001|/v1/files/stream/201634099298066432|/v1/files/stream/201634099151265792|/v1/files/stream/201634099281289216,,1987,10850.0,561842
211756741418119168,201635345421660160,"Qeyri-yaşayış binası - Zaqatala şəhəri, 2 saylı bazar ətrafı ərazisində 0.003 ha torpaq sahəsi və üzərində yerləşən qeyri-yaşayış binası",qeyri-yashayish-binasi-zaqatala-sheheri-2-sayli-bazar-etrafi-erazisinde-0-003-ha-torpaq-sahesi-ve-uzerinde-yerleshen-qeyri-yashayish-binasi,16057480568289305,Qeyri-yaşayış sahəsi,"0.003 ha, 2 mərtəbə, 2 otaq, 60 m2",2,2026-02-21T10:05:40.766799,2026-02-28T10:05:40.766799,71500.0,71500.0,0,False,ONGOING,NOT_ATTENDING,2,60,2,/v1/files/stream/201635382360825856|/v1/files/stream/201635382289522688|/v1/files/stream/201635382377603072|/v1/files/stream/201635382352437248|/v1/files/stream/201635382419546112|/v1/files/stream/201635382385991680,0.003,,,
211756719767121922,201643276800192512,"Mənzil - Abşeron rayonu, Xırdalan şəhəri, 28-ci məhəllə, ev 19, mənzil 42.",menzil-absheron-rayonu-xirdalan-sheheri-28-ci-mehelle-ev-19-menzil-42,16057480568139276,Mənzil,"4 mərtəbə, 2 otaq, 54.7 m2",2,2026-02-21T10:05:35.893567,2026-02-28T10:05:35.893567,58500.0,58500.0,2,False,ONGOING,NOT_ATTENDING,4,54.7,2,/v1/files/stream/201643308039299072|/v1/files/stream/201643308018327552|/v1/files/stream/201643307552759808|/v1/files/stream/201643307468873728|/v1/files/stream/201643307510816769|/v1/files/stream/201643307770863616|/v1/files/stream/201643307724726272|/v1/files/stream/201643308030910465|/v1/files/stream/201643307749892096|/v1/files/stream/201643307775057920|/v1/files/stream/201643307510816768|/v1/files/stream/201643307561148416|/v1/files/stream/201643307535982592|/v1/files/stream/201643307737309184|/v1/files/stream/201643307737309185|/v1/files/stream/201643308035104768|/v1/files/stream/201643308026716160|/v1/files/stream/201643308030910464,,,,
211756698044821506,201649235039711232,"Mənzil - Bakı şəhəri, Nizami rayonu, Elşən Süleymanov küçəsi, 2566-cı məhəllə, ev 133 mənzil 11 (yeni qaydalarla: AZ 1118, Bakı şəhəri, Nizami rayonu, Elşən Süleymanov küçəsi, 23, M9, mənzil 1)",menzil-baki-sheheri-nizami-rayonu-elshen-suleymanov-kuchesi-2566-ci-mehelle-ev-133-menzil-11-yeni-qaydalarla-az-1118-baki-sheheri-nizami-rayonu-elshen-suleymanov-kuchesi-23-m9-menzil-1,16057480568139276,Mənzil,"8 mərtəbə, 4 otaq, 166.3 m2",2,2026-02-21T10:05:30.881535,2026-02-28T10:05:30.881535,182000.0,182000.0,0,False,ONGOING,NOT_ATTENDING,8,166.3,4,/v1/files/stream/201649304589590528|/v1/files/stream/201649304786722816|/v1/files/stream/201649304480538624|/v1/files/stream/201649304514093056|/v1/files/stream/201649304803500032|/v1/files/stream/201649304501510144|/v1/files/stream/201649303960444928|/v1/files/stream/201649304161771520|/v1/files/stream/201649303943667712|/v1/files/stream/201649304035942400|/v1/files/stream/201649303822032896|/v1/files/stream/201649303813644288|/v1/files/stream/201649303956250624|/v1/files/stream/201649303939473408|/v1/files/stream/201649304287600640|/v1/files/stream/201649304295989248|/v1/files/stream/201649304354709504|/v1/files/stream/201649304363098112,,,,
211756670458884096,201677637851377664,"Qeyri-yaşayış binası - Bakı şəhəri, Sabunçu rayonu, Şəhər Şossesi küçəsi, ev 3",qeyri-yashayish-binasi-baki-sheheri-sabunchu-rayonu-eher-ossesi-kuchesi-ev-3,16057480568289305,Qeyri-yaşayış sahəsi,"1 mərtəbə, 20 otaq, 996.6 m2",2,2026-02-21T10:05:23.747829,2026-02-28T10:05:23.747829,780000.0,780000.0,1,False,ONGOING,NOT_ATTENDING,1,996.6,20,/v1/files/stream/201679687804805120|/v1/files/stream/201679687548952576|/v1/files/stream/201679687561535488|/v1/files/stream/201679687804805121|/v1/files/stream/201679687121133568|/v1/files/stream/201679687142105088|/v1/files/stream/201679686999498752|/v1/files/stream/201679687976771584|/v1/files/stream/201679686865281024|/v1/files/stream/201679687016275968|/v1/files/stream/201679687095967744|/v1/files/stream/201679687276322816|/v1/files/stream/201679687276322817|/v1/files/stream/201679687267934208|/v1/files/stream/201679687330848768|/v1/files/stream/201679687326654464|/v1/files/stream/201679687335043072|/v1/files/stream/201679687720919040|/v1/files/stream/201679687473455104|/v1/files/stream/201679687557341184|/v1/files/stream/201679687616061440|/v1/files/stream/201679687804805122|/v1/files/stream/201679687578312704,,,,
210067209031348225,210048127783497728,"Əmlak kompleksi- Bakı şəhəri, Binəqədi rayonu, Dərnəgül qəsəbəsi, 3105-ci Məhəllə, Naxçıvani küçəsi, 57C",mlak-kompleksi-baki-sheheri-bineqedi-rayonu-dernegul-qesebesi-3105-ci-mehelle-naxchivani-kuchesi-57c,16057480568289305,Qeyri-yaşayış sahəsi,"36 otaq, 5940.3 m2, 3 mərtəbə, 3.3961 ha",1,2026-02-26T18:22:22.133162,2026-03-05T18:22:22.133162,21286550.0,21286550.0,1,False,ONGOING,NOT_ATTENDING,3,5940.3,36,/v1/files/stream/210049717319786496|/v1/files/stream/210049716065689600|/v1/files/stream/210049716032135168|/v1/files/stream/210049715918888960|/v1/files/stream/210050149307932672|/v1/files/stream/210049715923083264|/v1/files/stream/210049715767894016|/v1/files/stream/210049715755311104|/v1/files/stream/210049715822419968|/v1/files/stream/210049715654647808|/v1/files/stream/210049716313153536|/v1/files/stream/210049716250238976|/v1/files/stream/210049716497702912|/v1/files/stream/210049716329930752|/v1/files/stream/210049716598366208|/v1/files/stream/210049716090855424|/v1/files/stream/210049716464148480|/v1/files/stream/210049716833247233|/v1/files/stream/210049716640309248|/v1/files/stream/210049717101682688|/v1/files/stream/210049716833247232|/v1/files/stream/210049717172985856|/v1/files/stream/210049716761944064|/v1/files/stream/210049716862607360|/v1/files/stream/210049716866801664,3.3961,,,
209742469368475649,208539976005414912,Fərdi yaşayış evi – Yevlax rayon Malbinəsi kəndində yerləşən fərdi yaşayış evinə 0.3370 ha torpaq sahəsi birlikdə,ferdi-yashayish-evi-yevlax-rayon-malbinesi-kendinde-yerleshen-ferdi-yashayish-evine-0-3370-ha-torpaq-sahesi-birlikde,16057480568289306,Fərdi yaşayış evi,"2 otaq, 1 mərtəbə, 87.31 m2",1,2026-02-26T12:13:57.235942,2026-03-05T12:13:57.235942,27200.0,27200.0,0,False,ONGOING,NOT_ATTENDING,1,87.31,2,/v1/files/stream/208540025720430592|/v1/files/stream/208540025611378688|/v1/files/stream/208540025720430593|/v1/files/stream/208540025686876160|/v1/files/stream/208540025464578048|/v1/files/stream/208540025812705280|/v1/files/stream/208540025464578049,,,,
209738619874013184,208525107046739968,"Mənzil- Bakı şəhəri, Binəqədi rayonu, 7-ci mikrorayon, F.Məlikov küçəsi, ev 3V, mənzil 28",menzil-baki-sheheri-bineqedi-rayonu-7-ci-mikrorayon-f-melikov-kuchesi-ev-3v-menzil-28,16057480568139276,Mənzil,"69.53 m2, 5 mərtəbə, 3 otaq",1,2026-02-26T12:13:54.542389,2026-03-05T12:13:54.542389,148750.0,148750.0,0,False,ONGOING,NOT_ATTENDING,5,69.53,3,/v1/files/stream/208525276823707648|/v1/files/stream/208525277079560192|/v1/files/stream/208525277050200065|/v1/files/stream/208525278493040640|/v1/files/stream/208525278383988736|/v1/files/stream/208525277079560194|/v1/files/stream/208525277050200064|/v1/files/stream/208525277289275392|/v1/files/stream/208525277687734272|/v1/files/stream/208525277800980480|/v1/files/stream/208525277800980481|/v1/files/stream/208525278283325440|/v1/files/stream/208525278493040641|/v1/files/stream/208525278753087488|/v1/files/stream/208525277788397568|/v1/files/stream/208525278534983680|/v1/files/stream/208525278480457728|/v1/files/stream/208525277079560193,,,,
209729987195269121,207161454250782720,"Fərdi yaşayış evi - Bakı şəhəri, Sabunçu rayonu, Ramana qəsəbəsində yerləşən fərdi yaşayış evi, Yeni qaydalarla: AZ 1128, Bakı şəhəri, Sabunçu rayonu, Ramana qəsəbəsi, Mərkəzi, 39- döngə, giriş 4",ferdi-yashayish-evi-baki-sheheri-sabunchu-rayonu-ramana-qesebesinde-yerleshen-ferdi-yashayish-evi-yeni-qaydalarla-az-1128-baki-sheheri-sabunchu-rayonu-ramana-qesebesi-merkezi-39-donge-girish-4,16057480568289306,Fərdi yaşayış evi,"1 mərtəbə, 89.7 m2, 3 otaq",1,2026-02-26T12:13:51.434039,2026-03-05T12:13:51.434039,63665.0,63665.0,0,False,ONGOING,NOT_ATTENDING,1,89.7,3,/v1/files/stream/207161492372742144|/v1/files/stream/207161492427268096|/v1/files/stream/207161492599234561|/v1/files/stream/207161492502765568|/v1/files/stream/207161492536320000|/v1/files/stream/207161492578263040|/v1/files/stream/207161492599234560|/v1/files/stream/207161492624400384|/v1/files/stream/207161492737646592|/v1/files/stream/207161492930584577|/v1/files/stream/207161492930584576|/v1/files/stream/207161492943167488|/v1/files/stream/207161492934778880|/v1/files/stream/207161492909613056,,,,
209727624820649985,207158275320672256,"Fərdi yaşayış evi - Saatlı şəhəri, Həsən Bəy Zərdabi küçəsi, ev 120 ünvanında yerləşən 0.0504 ha torpaq sahəsi və həmin torpaq sahəsində yerləşən fərdi yaşayış evi, Yeni qaydalarla: AZ 4900, Saatlı rayonu, Saatlı şəhəri, Həsən bəy Zərdabi küçəsi 137",ferdi-yashayish-evi-saatli-sheheri-hesen-bey-zerdabi-kuchesi-ev-120-unvaninda-yerleshen-0-0504-ha-torpaq-sahesi-ve-hemin-torpaq-sahesinde-yerleshen-ferdi-yashayish-evi-yeni-qaydalarla-az-4900-saatli-rayonu-saatli-sheheri-hesen-bey-zerdabi-kuchesi-137,16057480568289306,Fərdi yaşayış evi,"144.9 m2, 1 mərtəbə, 4 otaq",1,2026-02-26T12:13:45.394273,2026-03-05T12:13:45.394273,23800.0,23800.0,0,False,ONGOING,NOT_ATTENDING,1,144.9,4,/v1/files/stream/207158572713533440|/v1/files/stream/207158572826779649|/v1/files/stream/207158572826779648|/v1/files/stream/207158572910665728|/v1/files/stream/207158572822585344|/v1/files/stream/207158572818391040|/v1/files/stream/207158572990357504|/v1/files/stream/207158572990357505,,,,
209670700964081665,207119056019746816,"Əmlak kompleksi - Gəncə şəhəri, Kəpəz rayonu, Mübariz İbrahimov küçəsi, 20",mlak-kompleksi-gence-sheheri-kepez-rayonu-mubariz-ibrahimov-kuchesi-20,16057480568289305,Qeyri-yaşayış sahəsi,"573.9 m2, 6 otaq, 1 mərtəbə, 0.0642 ha",1,2026-02-26T11:52:03.64868,2026-03-05T11:52:03.64868,191250.0,191250.0,0,False,ONGOING,NOT_ATTENDING,1,573.9,6,/v1/files/stream/207119560477007873|/v1/files/stream/207119560477007874|/v1/files/stream/207119560489590784|/v1/files/stream/207119560502173696|/v1/files/stream/207119560997101568|/v1/files/stream/207119561005490176|/v1/files/stream/207119561072599040|/v1/files/stream/207119564050554880|/v1/files/stream/207119564323184640|/v1/files/stream/207119561445892096|/v1/files/stream/207119561454280704|/v1/files/stream/207119561286508544|/v1/files/stream/207119561471057920|/v1/files/stream/207119561731104769|/v1/files/stream/207119561731104768|/v1/files/stream/207119561995345920|/v1/files/stream/207119561970180096|/v1/files/stream/207119560724471808|/v1/files/stream/207119560745443328|/v1/files/stream/207119560477007872|/v1/files/stream/207119561018073088|/v1/files/stream/207119561856933888,0.0642,,,
209674730868142081,207128829041668096,"Mənzil - Bakı şəhəri, Nəsimi rayonu, Nizami küçəsi, ev 81, mənzil 57",menzil-baki-sheheri-nesimi-rayonu-nizami-kuchesi-ev-81-menzil-57,16057480568139276,Mənzil,"4 mərtəbə, 2 otaq, 66.8 m2",1,2026-02-26T11:51:58.21913,2026-03-05T11:51:58.21913,246500.0,246500.0,0,False,ONGOING,NOT_ATTENDING,4,66.8,2,/v1/files/stream/207128859152506880|/v1/files/stream/207128858586275840|/v1/files/stream/207128859118952448|/v1/files/stream/207128858720493568|/v1/files/stream/207128859085398016|/v1/files/stream/207128858703716353|/v1/files/stream/207128858712104960|/v1/files/stream/207128859655823360|/v1/files/stream/207128859639046144|/v1/files/stream/207128859609686016|/v1/files/stream/207128859106369536|/v1/files/stream/207128859643240448,,,,
209700932605538304,207142021625114624,"Torpaq sahəsi - Beyləqan rayonu, Aşağı Çəmənli kəndi",torpaq-sahesi-beyleqan-rayonu-ashaghi-emenli-kendi,16057480568289305,Qeyri-yaşayış sahəsi,0.64 ha,1,2026-02-26T11:51:53.59923,2026-03-05T11:51:53.59923,27200.0,27200.0,0,False,ONGOING,NOT_ATTENDING,,,,/v1/files/stream/207142054063792128|/v1/files/stream/207142054357393408,0.64,,,
209668903499296769,207115140771180544,"Fərdi yaşayış evi - Gəncə şəhəri, Nizami rayonu, Şeyx Bahəyəddin küçəsi, 2-ci döngədə yerləşən 4 No-li fərdi yaşayış evi və 0.0360 ha torpaq sahəsi.",ferdi-yashayish-evi-gence-sheheri-nizami-rayonu-eyx-baheyeddin-kuchesi-2-ci-dongede-yerleshen-4-no-li-ferdi-yashayish-evi-ve-0-0360-ha-torpaq-sahesi,16057480568289306,Fərdi yaşayış evi,"2 mərtəbə, 2 otaq, 117.4 m2",1,2026-02-26T11:51:48.102128,2026-03-05T11:51:48.102128,94350.0,94350.0,0,False,ONGOING,NOT_ATTENDING,2,117.4,2,/v1/files/stream/207115185822130176|/v1/files/stream/207115185989902337|/v1/files/stream/207115186111537152|/v1/files/stream/207115185725661184|/v1/files/stream/207115185679523840|/v1/files/stream/207115185796964352|/v1/files/stream/207115185864073216|/v1/files/stream/207115185566277632|/v1/files/stream/207115185805352960,,,,
209663814298595328,207095986571800576,"Qeyri-yaşayış binası - Ağstafa rayonu, Vurğun yolunun 1-ci km-yi",qeyri-yashayish-binasi-aghstafa-rayonu-vurghun-yolunun-1-ci-km-yi,16057480568289305,Qeyri-yaşayış sahəsi,"325.76 m2, 1 otaq, 1 mərtəbə, 0.02 ha",1,2026-02-26T11:51:44.077741,2026-03-05T11:51:44.077741,124100.0,124100.0,0,False,ONGOING,NOT_ATTENDING,1,325.76,1,/v1/files/stream/207096040720195584|/v1/files/stream/207096040695029760|/v1/files/stream/207096041013796864|/v1/files/stream/207096041106071552|/v1/files/stream/207096040703418368|/v1/files/stream/207096040544034816,0.02,,,
209731607404572673,207528841475092480,"Nəqliyyat vasitəsi - “Great Vall Vingle7”, minik markalı, 77-AL-603 dövlət qeydiyyat nişanlı avtomobil.",neqliyyat-vasitesi-great-vall-vingle7-minik-markali-77-al-603-dovlet-qeydiyyat-nishanli-avtomobil,15707206488020125,Avtomobillər,"1996.0 , 68916 km, 2022 ",1,2026-02-26T11:51:40.211299,2026-03-05T11:51:40.211299,22950.0,22950.0,1,False,ONGOING,NOT_ATTENDING,,,,/v1/files/stream/207528870042427392|/v1/files/stream/207528870042427394|/v1/files/stream/207528870042427393|/v1/files/stream/207528870042427396|/v1/files/stream/207528870042427395,,2022,1996.0,68916
210814922693898241,209321844170649600,"Mənzil - Bakı şəhəri, Nəsimi rayonu, Azadlıq prospekti, ev 30, mənzil 9",menzil-baki-sheheri-nesimi-rayonu-azadliq-prospekti-ev-30-menzil-9,16057480568139276,Mənzil,"2 otaq, 27 m2, 1 mərtəbə",1,2026-02-12T14:34:02.92671,2026-03-04T14:34:02.92671,53720.0,53720.0,0,False,NOT_STARTED,NOT_ATTENDING,1,27,2,/v1/files/stream/209322122768834560|/v1/files/stream/209322121846087680|/v1/files/stream/209322121858670592|/v1/files/stream/209322121888030720|/v1/files/stream/209322122064191488|/v1/files/stream/209322122059997184|/v1/files/stream/209322122080968704|/v1/files/stream/209322122445873152|/v1/files/stream/209322122471038976|/v1/files/stream/209322122261323776|/v1/files/stream/209322122487816192|/v1/files/stream/209322122487816193|/v1/files/stream/209322122475233280|/v1/files/stream/209322122567507968|/v1/files/stream/209322123125350400|/v1/files/stream/209322121653149696|/v1/files/stream/209322121674121216|/v1/files/stream/209322122907246592|/v1/files/stream/209322124236840960|/v1/files/stream/209322121653149697,,,,
209983410343866368,209228469035692032,"Mənzil - Bakı şəhəri, Nizami rayonu, Kamil Balakişiyev küçəsi, ev 51, mənzil 25",menzil-baki-sheheri-nizami-rayonu-kamil-balakishiyev-kuchesi-ev-51-menzil-25,16057480568139276,Mənzil,"2 mərtəbə, 3 otaq, 50.4 m2",1,2026-02-11T10:45:09.372543,2026-03-03T10:45:09.372543,59500.0,59500.0,5,False,NOT_STARTED,NOT_ATTENDING,2,50.4,3,/v1/files/stream/209228502854295552|/v1/files/stream/209228502522945536|/v1/files/stream/209228502099320832|/v1/files/stream/209228502476808192|/v1/files/stream/209228502061572096|/v1/files/stream/209228502275481600|/v1/files/stream/209228502380339200|/v1/files/stream/209228502388727808|/v1/files/stream/209228502371950592|/v1/files/stream/209228502468419584,,,,
209971400159883264,208960690281869312,"Mənzil - Bakı şəhəri, Xətai rayonu, Sarayevo küçəsi, ev 12, mənzil 78, Yeni qaydalarla: AZ 1149, Bakı şəhəri, Xətai rayonu, Sarayevo küçəsi, 70, M8, m2",menzil-baki-sheheri-xetai-rayonu-sarayevo-kuchesi-ev-12-menzil-78-yeni-qaydalarla-az-1149-baki-sheheri-xetai-rayonu-sarayevo-kuchesi-70-m8-m2,16057480568139276,Mənzil,"2 otaq, 61.46 m2, 8 mərtəbə",1,2026-02-11T10:45:04.82726,2026-03-03T10:45:04.82726,85000.0,85000.0,0,False,NOT_STARTED,NOT_ATTENDING,8,61.46,2,/v1/files/stream/208960864366387200|/v1/files/stream/208960863884042240|/v1/files/stream/208960863678521344|/v1/files/stream/208960864039231488|/v1/files/stream/208960864198615040|/v1/files/stream/208960864026648576|/v1/files/stream/208960863426863104|/v1/files/stream/208960863582052352|/v1/files/stream/208960863422668800|/v1/files/stream/208960864051814400|/v1/files/stream/208960864014065664|/v1/files/stream/208960863682715648|/v1/files/stream/208960863590440960|/v1/files/stream/208960863670132736|/v1/files/stream/208960863674327040,,,,
210039895258132480,209236531255537664,"Fərdi yaşayış evi - Qəbələ şəhəri, 20 Yanvar küçəsi, ev 38 ünvanında olan 0.07 ha torpaq sahəsi və həmin torpaq sahəsində yerləşən fərdi yaşayış evi",ferdi-yashayish-evi-qebele-sheheri-20-yanvar-kuchesi-ev-38-unvaninda-olan-0-07-ha-torpaq-sahesi-ve-hemin-torpaq-sahesinde-yerleshen-ferdi-yashayish-evi,16057480568289306,Fərdi yaşayış evi,"2 mərtəbə, 149.3 m2, 4 otaq",1,2026-02-11T10:45:01.348869,2026-03-03T10:45:01.348869,97750.0,97750.0,0,False,NOT_STARTED,NOT_ATTENDING,2,149.3,4,/v1/files/stream/209236561655783424|/v1/files/stream/209236561488011264|/v1/files/stream/209236561169244160|/v1/files/stream/209236561156661248|/v1/files/stream/209236561211187200|/v1/files/stream/209236561039220736|/v1/files/stream/209236561215381504|/v1/files/stream/209236560993083392|/v1/files/stream/209236561420902400|/v1/files/stream/209236561433485312|/v1/files/stream/209236561441873920,,,,
209969292056555520,208957946422718464,Avtomobil - KİA Cerato markalı 50-CH-953 dövlət qeydiyyat nişanlı nəqliyyat vasitəsi,avtomobil-kia-cerato-markali-50-ch-953-dovlet-qeydiyyat-nishanli-neqliyyat-vasitesi,15707206488020125,Avtomobillər,"1600.0 , 2010 ",1,2026-02-11T10:44:57.825038,2026-03-03T10:44:57.825038,6800.0,6800.0,0,False,NOT_STARTED,NOT_ATTENDING,,,,/v1/files/stream/208958134918864896|/v1/files/stream/208958135006945280|/v1/files/stream/208958134423937024|/v1/files/stream/208958135015333888|/v1/files/stream/208958133748654080|/v1/files/stream/208958134289719296|/v1/files/stream/208958134495240192|/v1/files/stream/208958133748654081|/v1/files/stream/208958134025478144,,2010,1600.0,
209964613260111872,208944959230144512,"Mənzil - Bakı şəhəri, Nərimanov rayonu, Balaəmi Dadaşov küçəsi 0.2234 ha torpaq sahəsində yerləşən 31 nömrəli bina, mənzil 10",menzil-baki-sheheri-nerimanov-rayonu-balaemi-dadashov-kuchesi-0-2234-ha-torpaq-sahesinde-yerleshen-31-nomreli-bina-menzil-10,16057480568139276,Mənzil,"1 mərtəbə, 57.3 m2, 2 otaq",1,2026-02-11T10:44:53.690662,2026-03-03T10:44:53.690662,340000.0,340000.0,0,False,NOT_STARTED,NOT_ATTENDING,1,57.3,2,/v1/files/stream/208945008303431680|/v1/files/stream/208945007250661376|/v1/files/stream/208945007451987968|/v1/files/stream/208945007481348096|/v1/files/stream/208945007527485440|/v1/files/stream/208945007850446849|/v1/files/stream/208945007850446848|/v1/files/stream/208945007695257600|/v1/files/stream/208945008240517120|/v1/files/stream/208945007963693056,,,,
209962798321856513,208938447267000320,"Torpaq sahəsi - Bakı şəhəri, Binəqədi rayonu, Görədil qəsəbəsi, 394a saylı bağ sahəsi",torpaq-sahesi-baki-sheheri-bineqedi-rayonu-goredil-qesebesi-394a-sayli-bagh-sahesi,16057480568289305,Qeyri-yaşayış sahəsi,0.12 ha,1,2026-02-11T10:44:51.121386,2026-03-03T10:44:51.121386,81600.0,81600.0,0,False,NOT_STARTED,NOT_ATTENDING,,,,/v1/files/stream/208938606436573184|/v1/files/stream/208938607514509312|/v1/files/stream/208938607308988416|/v1/files/stream/208938607535480832|/v1/files/stream/208938607619366912|/v1/files/stream/208938608059768832|/v1/files/stream/208938608026214400|/v1/files/stream/208938608428867584|/v1/files/stream/208938608324009984|/v1/files/stream/208938608445644800|/v1/files/stream/208938608487587840|/v1/files/stream/208938608424673280|/v1/files/stream/208938609246756864|/v1/files/stream/208938609339031552|/v1/files/stream/208938609154482176|/v1/files/stream/208938609372585984|/v1/files/stream/208938609204813824|/v1/files/stream/208938610047868928|/v1/files/stream/208938609775239168|/v1/files/stream/208938610249195520|/v1/files/stream/208938610186280960|/v1/files/stream/208938610253389824|/v1/files/stream/208938607652921344,0.12,,,
209960617417994240,208610603047415808,"Fərdi yaşayış evi - Abşeron rayonu, Masazır kəndi, Akim Abbasov küçəsi ünvanında yerləşən 0.03 ha torpaq sahəsi və üzərində yerləşən 5 saylı fərdi yaşayış evi",ferdi-yashayish-evi-absheron-rayonu-masazir-kendi-akim-abbasov-kuchesi-unvaninda-yerleshen-0-03-ha-torpaq-sahesi-ve-uzerinde-yerleshen-5-sayli-ferdi-yashayish-evi,16057480568289306,Fərdi yaşayış evi,"96.2 m2, 4 otaq, 1 mərtəbə",1,2026-02-11T10:44:47.999264,2026-03-03T10:44:47.999264,46750.0,46750.0,0,False,NOT_STARTED,NOT_ATTENDING,1,96.2,4,/v1/files/stream/208610631048519680|/v1/files/stream/208610630738141184|/v1/files/stream/208610630352265217|/v1/files/stream/208610630725558272|/v1/files/stream/208610630339682304|/v1/files/stream/208610630570369024|/v1/files/stream/208610631035936768|/v1/files/stream/208610630574563328|/v1/files/stream/208610630415179776|/v1/files/stream/208610630566174720|/v1/files/stream/208610631014965248|/v1/files/stream/208610630440345600|/v1/files/stream/208610630352265216|/v1/files/stream/208610630599729152|/v1/files/stream/208610631132405760|/v1/files/stream/208610630910107648,,,,
209958209593896960,208597043424620544,"Mənzil - Bakı şəhəri, Xətai rayonu, Məhəmməd Hadi küçəsi, 2337-ci məhəlllə, ev 120D, mənzil 101, Yeni qaydalarla: AZ 1032, Bakı şəhəri, Xətai rayonu, Əhmədli qəsəbəsi, 7-ci Əhmədli küçəsi, 2, M5, m1",menzil-baki-sheheri-xetai-rayonu-mehemmed-hadi-kuchesi-2337-ci-mehellle-ev-120d-menzil-101-yeni-qaydalarla-az-1032-baki-sheheri-xetai-rayonu-hmedli-qesebesi-7-ci-hmedli-kuchesi-2-m5-m1,16057480568139276,Mənzil,"2 otaq, 4 mərtəbə, 91.1 m2",1,2026-02-10T14:01:25.1161,2026-03-02T14:01:25.1161,145350.0,145350.0,0,False,NOT_STARTED,NOT_ATTENDING,4,91.1,2,/v1/files/stream/208597121476354048|/v1/files/stream/208597120859791360|/v1/files/stream/208597120935288832|/v1/files/stream/208597120989814784|/v1/files/stream/208597120813654016|/v1/files/stream/208597121472159744|/v1/files/stream/208597121551851520|/v1/files/stream/208597120889151488|/v1/files/stream/208597120507469824|/v1/files/stream/208597120943677440|/v1/files/stream/208597121585405952|/v1/files/stream/208597121145004032|/v1/files/stream/208597121308581888,,,,
209951803662757888,208591949207531520,"Qeyri-yaşayış binası - Lənkəran şəhəri, 21-ci məhəllə, 12a, döngə 5 ünvanında 0.10175 ha torpaq sahəsində yerləşən qeyri-yaşayış binası",qeyri-yashayish-binasi-lenkeran-sheheri-21-ci-mehelle-12a-donge-5-unvaninda-0-10175-ha-torpaq-sahesinde-yerleshen-qeyri-yashayish-binasi,16057480568289305,Qeyri-yaşayış sahəsi,"11 otaq, 2 mərtəbə, 0.1018 ha, 1316.7 m2",1,2026-02-10T14:01:22.203741,2026-03-02T14:01:22.203741,401152.4,401152.4,0,False,NOT_STARTED,NOT_ATTENDING,2,1316.7,11,/v1/files/stream/208592352925999104|/v1/files/stream/208592353316069376|/v1/files/stream/208592352544317440|/v1/files/stream/208592352728866817|/v1/files/stream/208592352695312384|/v1/files/stream/208592352724672512|/v1/files/stream/208592352728866816|/v1/files/stream/208592352850501632|/v1/files/stream/208592352892444672|/v1/files/stream/208592353127325696|/v1/files/stream/208592353018273793|/v1/files/stream/208592352963747840|/v1/files/stream/208592353018273792|/v1/files/stream/208592353169268736|/v1/files/stream/208592353303486464|/v1/files/stream/208592353366401024|/v1/files/stream/208592353337040896|/v1/files/stream/208592353374789632|/v1/files/stream/208592353366401025|/v1/files/stream/208592353647419392|/v1/files/stream/208592353651613696|/v1/files/stream/208592353706139648|/v1/files/stream/208592353706139649|/v1/files/stream/208592353878106112,0.1018,,,
209948159622082560,208585100051705856,"Fərdi yaşayış evi – Tovuz rayonu Qovlar qəsəbəsi, Əzizbəyov küçəsi, 0.12 ha torpaq sahəsində yerləşən 21 nömrəli fərdi yaşayış evi .",ferdi-yashayish-evi-tovuz-rayonu-qovlar-qesebesi-zizbeyov-kuchesi-0-12-ha-torpaq-sahesinde-yerleshen-21-nomreli-ferdi-yashayish-evi,16057480568289306,Fərdi yaşayış evi,"2 mərtəbə, 8 otaq, 286.5 m2",1,2026-02-10T14:01:19.429511,2026-03-02T14:01:19.429511,51000.0,51000.0,0,False,NOT_STARTED,NOT_ATTENDING,2,286.5,8,/v1/files/stream/208585181395968000|/v1/files/stream/208585181693763584|/v1/files/stream/208585181412745216|/v1/files/stream/208585181156892672|/v1/files/stream/208585181190447104|/v1/files/stream/208585182289354752|/v1/files/stream/208585182088028160|/v1/files/stream/208585182419378176|/v1/files/stream/208585181869924352|/v1/files/stream/208585183086272512|/v1/files/stream/208585181723123712|/v1/files/stream/208585182075445248|/v1/files/stream/208585181685374976|/v1/files/stream/208585182331297792|/v1/files/stream/208585181500825600|/v1/files/stream/208585182020919296|/v1/files/stream/208585182301937664|/v1/files/stream/208585182855585792|/v1/files/stream/208585181203030016,,,,
209946682677620736,208579446171856896,"Fərdi yaşayış evi – Lənkəran rayonu, Şovu kəndi ünvanı 0.1 ha torpaq sahəsində yerləşən fərdi yaşayış evi",ferdi-yashayish-evi-lenkeran-rayonu-ovu-kendi-unvani-0-1-ha-torpaq-sahesinde-yerleshen-ferdi-yashayish-evi,16057480568289306,Fərdi yaşayış evi,"2 otaq, 78.8 m2, 1 mərtəbə",1,2026-02-10T14:01:16.474596,2026-03-02T14:01:16.474596,63394.87,63394.87,0,False,NOT_STARTED,NOT_ATTENDING,1,78.8,2,/v1/files/stream/208582218829029376|/v1/files/stream/208582220838100992|/v1/files/stream/208582219487535104|/v1/files/stream/208582220527722496|/v1/files/stream/208582219852439552|/v1/files/stream/208582219588198400|/v1/files/stream/208582219802107904|/v1/files/stream/208582219818885120|/v1/files/stream/208582220557082624|/v1/files/stream/208582219844050944|/v1/files/stream/208582220062154752|/v1/files/stream/208582220053766144|/v1/files/stream/208582220892626944|/v1/files/stream/208582220418670592|/v1/files/stream/208582220380921856|/v1/files/stream/208582220494168064|/v1/files/stream/208582220942958592|/v1/files/stream/208582220401893376|/v1/files/stream/208582219189739520|/v1/files/stream/208582218841612288|/v1/files/stream/208582219122630656,,,,
209935991270895617,208548730658713600,"Fərdi yaşayış evi - Bakı şəhəri, Qaradağ rayonu, Lökbatan qəsəbəsi, 4-cü massiv, 1003-cü keçid,ev 15",ferdi-yashayish-evi-baki-sheheri-qaradagh-rayonu-lokbatan-qesebesi-4-cu-massiv-1003-cu-kechid-ev-15,16057480568289306,Fərdi yaşayış evi,"2 mərtəbə, 5 otaq, 226.2 m2",1,2026-02-10T14:01:12.49584,2026-03-02T14:01:12.49584,227800.0,227800.0,0,False,NOT_STARTED,NOT_ATTENDING,2,226.2,5,/v1/files/stream/208548766184398848|/v1/files/stream/208548766591246336|/v1/files/stream/208548766553497600|/v1/files/stream/208548766339588096|/v1/files/stream/208548766582857728|/v1/files/stream/208548766981316608|/v1/files/stream/208548766519943168|/v1/files/stream/208548766956150784|/v1/files/stream/208548766201176064|/v1/files/stream/208548766742241280|/v1/files/stream/208548766180204544|/v1/files/stream/208548766113095680|/v1/files/stream/208548766951956480|/v1/files/stream/208548766457028608,,,,
209662214377140224,207084743442132992,"Avtomobil- ""Chevrolet Cruze minik"" markalı, 90 TY 240 dövlət qeydiyyat nişanlı nəqliyyat vasitəsi.",avtomobil-chevrolet-cruze-minik-markali-90-ty-240-dovlet-qeydiyyat-nishanli-neqliyyat-vasitesi,15707206488020125,Avtomobillər,"2016 , 1399.0 , 321784 km",1,2026-02-26T10:44:49.495089,2026-03-05T10:44:49.495089,12750.0,12750.0,0,False,ONGOING,NOT_ATTENDING,,,,/v1/files/stream/207084785557069824|/v1/files/stream/207084785611595776|/v1/files/stream/207084785510932480|/v1/files/stream/207084785691287552|/v1/files/stream/207084785645150208|/v1/files/stream/207084785942945792|/v1/files/stream/207084785863254016|/v1/files/stream/207084785590624256|/v1/files/stream/207084785892614144,,2016,1399.0,321784
209293197036580864,206758116015304704,"Mənzil - Abşeron rayonu, Xırdalan şəhəri, 24-cü məhəllə, ev 2, mənzil 3",menzil-absheron-rayonu-xirdalan-sheheri-24-cu-mehelle-ev-2-menzil-3,16057480568139276,Mənzil,"47.38 m2, 2 mərtəbə, 2 otaq",1,2026-02-25T11:36:05.965391,2026-03-04T11:36:05.965391,51850.0,51850.0,1,False,ONGOING,NOT_ATTENDING,2,47.38,2,/v1/files/stream/206758142355464192|/v1/files/stream/206758142208663552|/v1/files/stream/206758142208663553|/v1/files/stream/206758142347075584,,,,
209294828700528640,206761045988306944,"Əmlak kompleksi kimi müəssisə - Abşeron rayonu, Məmmədli kəndi",mlak-kompleksi-kimi-muessise-absheron-rayonu-memmedli-kendi,16057480568289305,Qeyri-yaşayış sahəsi,"440.9 m2, 0.04 ha, 2 mərtəbə, 9 otaq",1,2026-02-25T11:36:03.725165,2026-03-04T11:36:03.725165,476000.0,476000.0,0,False,ONGOING,NOT_ATTENDING,2,440.9,9,/v1/files/stream/206761074543058944|/v1/files/stream/206761074585001984|/v1/files/stream/206761074765357056|/v1/files/stream/206761075008626688|/v1/files/stream/206761074392064000|/v1/files/stream/206761074366898176|/v1/files/stream/206761074723414016|/v1/files/stream/206761074790522880|/v1/files/stream/206761074484338688|/v1/files/stream/206761074694053888|/v1/files/stream/206761074916352000,0.04,,,
209299219969044480,206769396524609536,"Torpaq sahəsi - Xaçmaz rayon, İstisu qəsəbəsi",torpaq-sahesi-xachmaz-rayon-istisu-qesebesi,16057480568289305,Qeyri-yaşayış sahəsi,1.08 ha,1,2026-02-25T11:36:00.244561,2026-03-04T11:36:00.244561,16150.0,16150.0,0,False,ONGOING,NOT_ATTENDING,,,,/v1/files/stream/206769829838086144|/v1/files/stream/206769829804531712,1.08,,,
209301469747572736,206773106868842496,"Fərdi yaşayış evi - Yevlax rayonu, Yuxarı Qarxun kəndi 0.0742 ha torpaq sahəsində yerləşən fərdi yaşayış evi.",ferdi-yashayish-evi-yevlax-rayonu-yuxari-qarxun-kendi-0-0742-ha-torpaq-sahesinde-yerleshen-ferdi-yashayish-evi,16057480568289306,Fərdi yaşayış evi,"3 otaq, 1 mərtəbə, 109.7 m2",1,2026-02-25T11:35:58.79707,2026-03-04T11:35:58.79707,21250.0,21250.0,0,False,ONGOING,NOT_ATTENDING,1,109.7,3,/v1/files/stream/206773133330636800|/v1/files/stream/206773133116727296|/v1/files/stream/206773133406134273|/v1/files/stream/206773133271916544|/v1/files/stream/206773133406134274|/v1/files/stream/206773133481631744|/v1/files/stream/206773133406134272,,,,
209302898612727808,206782129919848448,"Fərdi yaşayış evi - Qobustan rayonu, Ərəbşalbaş kəndində yerləşən fərdi yaşayış evi və 0.19 ha torpaq sahəsi",ferdi-yashayish-evi-qobustan-rayonu-rebshalbash-kendinde-yerleshen-ferdi-yashayish-evi-ve-0-19-ha-torpaq-sahesi,16057480568289306,Fərdi yaşayış evi,"2 otaq, 86.8 m2, 1 mərtəbə",1,2026-02-25T11:35:57.065571,2026-03-04T11:35:57.065571,16830.0,16830.0,0,False,ONGOING,NOT_ATTENDING,1,86.8,2,/v1/files/stream/206782157971283968|/v1/files/stream/206782158076141568|/v1/files/stream/206782158126473216|/v1/files/stream/206782157958701057|/v1/files/stream/206782157958701056|/v1/files/stream/206782158306828288|/v1/files/stream/206782158097113088,,,,
209313928483008512,207057218317938688,"Mənzil - Sumqayıt şəhəri, 2-ci mikrarayon, ev 18, mənzil 26",menzil-sumqayit-sheheri-2-ci-mikrarayon-ev-18-menzil-26,16057480568139276,Mənzil,"2 otaq, 4 mərtəbə, 49.6 m2",1,2026-02-25T11:35:52.932534,2026-03-04T11:35:52.932534,59500.0,59500.0,0,False,ONGOING,NOT_ATTENDING,4,49.6,2,/v1/files/stream/207057244926533632|/v1/files/stream/207057245132054528|/v1/files/stream/207057245119471616|/v1/files/stream/207057245127860224|/v1/files/stream/207057245111083008|/v1/files/stream/207057245132054529|/v1/files/stream/207057248990814208,,,,
209014279721283584,206066110108626944,"Qızıl-zinət əşyaları - ümumi çəkisi 23,2 qram olan 02 ədəd boyunbağı, 01 ədəd qolbaq, 2 çüt sırğa, 01 ədəd qızıl üzük qızıl- zinət əsyalar",qizil-zinet-eshyalari-umumi-chekisi-23-2-qram-olan-02-eded-boyunbaghi-01-eded-qolbaq-2-chut-sirgha-01-eded-qizil-uzuk-qizil-zinet-esyalar,16057480568289307,Digər,,1,2026-02-24T12:23:23.529648,2026-03-03T12:23:23.529648,2291.94,3139.0,4,False,ONGOING,NOT_ATTENDING,,,,/v1/files/stream/206066140211077122|/v1/files/stream/206066140227854336|/v1/files/stream/206066140257214464|/v1/files/stream/206066140215271424|/v1/files/stream/206066140211077121|/v1/files/stream/206066140211077120|/v1/files/stream/206066140454346752|/v1/files/stream/206066140454346753,,,,
209024642080665600,206352178603192320,"Fərdi yaşayış evi - Abşeron rayonu, Məmmədli kəndi, Mənsur Şirinov küçəsi, ev 7 ünvanında yerləşən fərdi yaşayış evi və 0.0637 ha torpaq sahəsi",ferdi-yashayish-evi-absheron-rayonu-memmedli-kendi-mensur-irinov-kuchesi-ev-7-unvaninda-yerleshen-ferdi-yashayish-evi-ve-0-0637-ha-torpaq-sahesi,16057480568289306,Fərdi yaşayış evi,"2 mərtəbə, 251.2 m2, 5 otaq",1,2026-02-24T12:23:21.80312,2026-03-03T12:23:21.80312,140250.0,140250.0,0,False,ONGOING,NOT_ATTENDING,2,251.2,5,/v1/files/stream/206352208726614016|/v1/files/stream/206352209909407744|/v1/files/stream/206352208835665920|/v1/files/stream/206352210018459648|/v1/files/stream/206352208885997568|/v1/files/stream/206352210672771072|/v1/files/stream/206352210500804608|/v1/files/stream/206352209842298880|/v1/files/stream/206352210022653952|/v1/files/stream/206352210072985600|/v1/files/stream/206352210664382464|/v1/files/stream/206352210798600192|/v1/files/stream/206352222970470400|/v1/files/stream/206352217803087872|/v1/files/stream/206352209204764672,,,,
209029402275966976,206718920886153216,"Fərdi yaşayış evi - Cəlilabad rayonu, Kazımabad kəndi ünvanı 0.1863 ha torpaq sahəsində yerləşən fərdi yaşayış evi.",ferdi-yashayish-evi-celilabad-rayonu-kazimabad-kendi-unvani-0-1863-ha-torpaq-sahesinde-yerleshen-ferdi-yashayish-evi,16057480568289306,Fərdi yaşayış evi,"188.5 m2, 2 mərtəbə, 6 otaq",1,2026-02-24T12:23:19.360814,2026-03-03T12:23:19.360814,29750.0,29750.0,0,False,ONGOING,NOT_ATTENDING,2,188.5,6,/v1/files/stream/206718950833414144|/v1/files/stream/206718950648864768|/v1/files/stream/206718950816636928|/v1/files/stream/206718950711779328|/v1/files/stream/206718951185735680|/v1/files/stream/206718951017963520|/v1/files/stream/206718951185735681|/v1/files/stream/206718951064100864|/v1/files/stream/206718951152181248|/v1/files/stream/206718951194124288|/v1/files/stream/206718951353507840|/v1/files/stream/206718951416422400|/v1/files/stream/206718951282204672|/v1/files/stream/206718950724362240,,,,
208310766812884992,204884612210847744,"Fərdi yaşayış evi - Qazax rayonu, Çaylı kəndi",ferdi-yashayish-evi-qazax-rayonu-ayli-kendi,16057480568289306,Fərdi yaşayış evi,"2 otaq, 1 mərtəbə, 141.6 m2",1,2026-02-22T10:15:12.486326,2026-03-01T10:15:12.486326,39100.0,39100.0,0,False,ONGOING,NOT_ATTENDING,1,141.6,2,/v1/files/stream/204884643563200512|/v1/files/stream/204884643613532160|/v1/files/stream/204884643101827072|/v1/files/stream/204884643533840384|/v1/files/stream/204884642850168832|/v1/files/stream/204884644662108160|/v1/files/stream/204884643126992896|/v1/files/stream/204884643248627712|/v1/files/stream/204884643579977728|/v1/files/stream/204884643584172032|/v1/files/stream/204884643110215680|/v1/files/stream/204884643139575808,,,,
208323281575833600,204900025275609088,"Avtomobil – Hyundai Elantra markalı, 90-NU-116 dövlət qeydiyyat nişanlı nəqliyyat vasitəsi",avtomobil-hyundai-elantra-markali-90-nu-116-dovlet-qeydiyyat-nishanli-neqliyyat-vasitesi,15707206488020125,Avtomobillər,"228731 km, 1800.0 , 2012 ",1,2026-02-22T10:15:10.588762,2026-03-01T10:15:10.588762,15147.0,15147.0,0,False,ONGOING,NOT_ATTENDING,,,,/v1/files/stream/204900061044563968|/v1/files/stream/204900061027786752|/v1/files/stream/204900060784517120|/v1/files/stream/204900060520275968|/v1/files/stream/204900060524470272|/v1/files/stream/204900061052952576|/v1/files/stream/204900060973260800|/v1/files/stream/204900060780322816|/v1/files/stream/204900060700631040|/v1/files/stream/204900060352503808|/v1/files/stream/204900060553830400,,2012,1800.0,228731
208325565953175552,204941003386613760,"Fərdi yaşayış evi - İsmayıllı rayon, Kürdmaşı kəndində 0.12 ha torpaq sahəsində yerləşən fərdi yaşayış evi",ferdi-yashayish-evi-ismayilli-rayon-kurdmashi-kendinde-0-12-ha-torpaq-sahesinde-yerleshen-ferdi-yashayish-evi,16057480568289306,Fərdi yaşayış evi,"2 otaq, 1 mərtəbə, 95.7 m2",1,2026-02-22T10:15:08.309464,2026-03-01T10:15:08.309464,19550.0,19550.0,0,False,ONGOING,NOT_ATTENDING,1,95.7,2,/v1/files/stream/204956834052988928|/v1/files/stream/204956835277725696|/v1/files/stream/204956834107514880|/v1/files/stream/204956835239976960|/v1/files/stream/204956835328057344|/v1/files/stream/204956832232660992|/v1/files/stream/204956831154724864|/v1/files/stream/204956830856929280|/v1/files/stream/204956830856929281|/v1/files/stream/204956831142141952|/v1/files/stream/204956831125364736|/v1/files/stream/204956831146336256|/v1/files/stream/204956832215883776|/v1/files/stream/204956832777920512|/v1/files/stream/204956832824057856|/v1/files/stream/204956832819863552|/v1/files/stream/204956832773726208|/v1/files/stream/204956834187206656|/v1/files/stream/204956833289625600|/v1/files/stream/204956835244171264|/v1/files/stream/204956835541966848|/v1/files/stream/204956833264459776|/v1/files/stream/204956834195595264|/v1/files/stream/204956834371756032|/v1/files/stream/204956834375950336,,,,
208330984108945408,204976253768658944,"Qeyri-yaşayış sahəsi (Döşəməsilmə sexi) - Bakı şəhəri, Nərimanov rayonu, Ağa Nemətulla küçəsi 80",qeyri-yashayish-sahesi-doshemesilme-sexi-baki-sheheri-nerimanov-rayonu-agha-nemetulla-kuchesi-80,16057480568289305,Qeyri-yaşayış sahəsi,"223.1 m2, 1 mərtəbə, 7 otaq",1,2026-02-22T10:15:03.05863,2026-03-01T10:15:03.05863,656625.0,656625.0,0,False,ONGOING,NOT_ATTENDING,1,223.1,7,/v1/files/stream/204976790144573440|/v1/files/stream/204976789687394304|/v1/files/stream/204976789624479744|/v1/files/stream/204976790576586752|/v1/files/stream/204976790085853185|/v1/files/stream/204976789431541760|/v1/files/stream/204976789620285440|/v1/files/stream/204976789641256960|/v1/files/stream/204976789649645568|/v1/files/stream/204976790090047488|/v1/files/stream/204976790085853184|/v1/files/stream/204976789653839872|/v1/files/stream/204976790090047490|/v1/files/stream/204976790090047489|/v1/files/stream/204976790270402560|/v1/files/stream/204976790396231680|/v1/files/stream/204976790492700672|/v1/files/stream/204976790400425984|/v1/files/stream/204976790492700673|/v1/files/stream/204976790501089280|/v1/files/stream/204976790765330432|/v1/files/stream/204976790773719040|/v1/files/stream/204976790769524736|/v1/files/stream/204976790576586753,,,,
208335788403159041,206056415524384768,"Avtomobil- ""Mercedes-Benz S350"" minik markalı 90-HR-525 dövlət qeydiyyat nişanlı nəqliyyat vasitəsi.",avtomobil-mercedes-benz-s350-minik-markali-90-hr-525-dovlet-qeydiyyat-nishanli-neqliyyat-vasitesi,15707206488020125,Avtomobillər,"2004 , 3500.0 ",1,2026-02-22T10:15:00.356427,2026-03-01T10:15:00.356427,7650.0,7650.0,0,False,ONGOING,NOT_ATTENDING,,,,/v1/files/stream/206056441969401856|/v1/files/stream/206056441591914496|/v1/files/stream/206056441604497408|/v1/files/stream/206056441545777153|/v1/files/stream/206056441604497409|/v1/files/stream/206056441545777152,,2004,3500.0,
208123325678186496,192281327092199424,Nəqliyyat vasitəsi - Ford Transit 100 L Yük Furqon tipli 20-DA-634 dövlət qeydiyyat nişanlı avtomobil.,neqliyyat-vasitesi-ford-transit-100-l-yuk-furqon-tipli-20-da-634-dovlet-qeydiyyat-nishanli-avtomobil,15707206488020125,Avtomobillər,"1998 , 2496.0 ",2,2026-02-11T09:27:47.339067,2026-02-18T09:27:47.339067,14365.0,14365.0,0,False,ONGOING,NOT_ATTENDING,,,,/v1/files/stream/192281371694358528|/v1/files/stream/192281371493031936|/v1/files/stream/192281371421728768|/v1/files/stream/192281371698552832|/v1/files/stream/192281371648221184|/v1/files/stream/192281371623055360|/v1/files/stream/192281371685969920|/v1/files/stream/192281371673387008,,1998,2496.0,
208123181159247874,192274295542870016,Nəqliyyat vasitəsi - Ford Transit Yük (vaqon) markalı 99-DM-391 dövlət qeydiyyat nişanlı avtomobil,neqliyyat-vasitesi-ford-transit-yuk-vaqon-markali-99-dm-391-dovlet-qeydiyyat-nishanli-avtomobil,15707206488020125,Avtomobillər,"40849 km, 2000 , 2496.0 ",2,2026-02-11T09:27:12.921292,2026-02-18T09:27:12.921292,15470.0,15470.0,0,False,ONGOING,NOT_ATTENDING,,,,/v1/files/stream/192274332767248385|/v1/files/stream/192274332901466112|/v1/files/stream/192274332767248384|/v1/files/stream/192274332851134465|/v1/files/stream/192274332851134464|/v1/files/stream/192274332888883200,,2000,2496.0,40849
183479222344708096,173419887216390144,"Fərdi yaşayış evi- Goranboy şəhəri, Rəsul Rza küçəsi 2 ünvanında olan 0,06 ha torpaq sahəsində yerləşən fərdi yaşayış evi",ferdi-yashayish-evi-goranboy-sheheri-resul-rza-kuchesi-2-unvaninda-olan-0-06-ha-torpaq-sahesinde-yerleshen-ferdi-yashayish-evi,16057480568289306,Fərdi yaşayış evi,"122.1 m2, 1 mərtəbə, 3 otaq",2,2025-12-05T09:20:55.315161,2025-12-12T09:20:55.315161,84500.0,84500.0,0,False,ONGOING,NOT_ATTENDING,1,122.1,3,/v1/files/stream/173419993231548416|/v1/files/stream/173419988890443776|/v1/files/stream/173419989041438720|/v1/files/stream/173419990677217280|/v1/files/stream/173419987468574720,,,,
